CREATE TABLE  emp (empno NUMERIC(4,0) PRIMARY KEY,               
                   ename VARCHAR(10),
                   job VARCHAR(10),
                   comm NUMERIC(7,2),
                   mgr VARCHAR(10),
                   sal NUMERIC (7,2),
                   deptno INT);
              
INSERT INTO emp (empno, ename, job, mgr, sal, deptno) VALUES (7369, 'Smith', 'clerk', 7902, 800, 20 );
INSERT INTO emp (empno, ename, job, mgr, sal, comm, deptno) VALUES (7499, 'Allen', 'salesman', 7698, 1600, 300, 30 );
INSERT INTO emp (empno, ename, job, mgr, sal, comm, deptno) VALUES (7521, 'Ward', 'salesman', 7698, 1250, 500, 30 );
INSERT INTO emp (empno, ename, job, mgr, sal, deptno) VALUES (7566, 'Jones','manager', 7839, 2975, 20 );
INSERT INTO emp (empno, ename, job, mgr, sal, comm, deptno) VALUES (7654, 'Martin', 'salesman', 7698, 1250, 1400, 30 );

SELECT deptno, ename, mgr FROM emp;
 deptno | ename  | mgr  
--------+--------+------
     20 | SMITH  | 7902
     30 | ALLEN  | 7698
     30 | WARD   | 7698
     30 | MARTIN | 7698
(4 rows)

SELECT (sal+250)*12 FROM emp;
 ?column? 
----------
 12600.00
 22200.00
 18000.00
 18000.00
(4 rows)

SELECT DISTINCT deptno FROM emp;
 deptno 
--------
     30
     20
(2 rows)

SELECT * FROM emp WHERE mgr='CLERK';
 empno | ename | job | comm | mgr | sal | deptno 
-------+-------+-----+------+-----+-----+--------
(0 rows)

SELECT * FROM emp WHERE job='CLERK';
 empno | ename |  job  | comm | mgr  |  sal   | deptno 
-------+-------+-------+------+------+--------+--------
  7369 | SMITH | CLERK |      | 7902 | 800.00 |     20
(1 row)

SELECT * FROM emp WHERE comm>sal;
 empno | ename  |   job    |  comm   | mgr  |   sal   | deptno 
-------+--------+----------+---------+------+---------+--------
  7654 | MARTIN | SALESMAN | 1400.00 | 7698 | 1250.00 |     30
(1 row)

SELECT * FROM emp WHERE sal BETWEEN 1000 AND 2000;
 empno | ename  |   job    |  comm   | mgr  |   sal   | deptno 
-------+--------+----------+---------+------+---------+--------
  7499 | ALLEN  | SALESMAN |  300.00 | 7698 | 1600.00 |     30
  7521 | WARD   | SALESMAN |  500.00 | 7698 | 1250.00 |     30
  7654 | MARTIN | SALESMAN | 1400.00 | 7698 | 1250.00 |     30
(3 rows)

SELECT * FROM emp WHERE ename LIKE 'S%';
 empno | ename |  job  | comm | mgr  |  sal   | deptno 
-------+-------+-------+------+------+--------+--------
  7369 | SMITH | CLERK |      | 7902 | 800.00 |     20
(1 row)

SELECT * FROM emp WHERE LENGTH(ename)=4;
 empno | ename |   job    |  comm  | mgr  |   sal   | deptno 
-------+-------+----------+--------+------+---------+--------
  7521 | WARD  | SALESMAN | 500.00 | 7698 | 1250.00 |     30
(1 row)

SELECT * FROM emp WHERE mgr IS NULL;
 empno | ename | job | comm | mgr | sal | deptno 
-------+-------+-----+------+-----+-----+--------
(0 rows)

SELECT * FROM emp WHERE ename NOT LIKE 'M%';
 empno | ename |   job    |  comm  | mgr  |   sal   | deptno 
-------+-------+----------+--------+------+---------+--------
  7369 | SMITH | CLERK    |        | 7902 |  800.00 |     20
  7499 | ALLEN | SALESMAN | 300.00 | 7698 | 1600.00 |     30
  7521 | WARD  | SALESMAN | 500.00 | 7698 | 1250.00 |     30
(3 rows)
